{
  "enemy": [

{
  "name":"vente",
  "r":95,
  "g":40,
  "b":130,
  "body": 100,
  "value": 60,
  "speed": 55,
  "posX":50,
  "posY":90,
  "moveX":[5,-3,4,-6,-3,3,4,-2],
  "moveY":[2,4,4,6,-3,3,4,-2],
  "nextX":0,
  "nextY":0
},

{
  "name":"grande",
  "r":100,
  "g":80,
  "b":190,
  "body": 50,
  "value": 34,
  "speed": 50,
  "posX":190,
  "posY":100,
  "moveX":[3,6,9,12,-0.3,0.3,0.7,-0.2],
  "moveY":[0.5,-0.5,0.4,-3,-0.3,3,-0.7,0.2],
  "nextX":0,
  "nextY":0
},

{
  "name":"smol",
  "r":100,
  "g":80,
  "b":190,
  "body": 25,
  "value": 34,
  "speed": 100,
  "posX":190,
  "posY":100,
  "moveX":[0.5,-0.5,0.4,-2,-0.3,0.3,0.7,-0.2],
  "moveY":[0.5,-0.5,0.4,-3,-0.3,3,-0.7,0.2],
  "nextX":0,
  "nextY":0
}

]

}
